{
  "0": {
    "Point": {
      "X": -296.282983040582,
      "Y": -191.50117715480707,
      "Z": 228.1417772919068
    },
    "Rpymatrix": {
      "Rx": 178.98287687710612,
      "Ry": -0.41192136698969595,
      "Rz": 164.0894569967012
    }
  }
}