{
  "0": {
    "Point": {
      "X": -387.7116279588034,
      "Y": 284.2061445365542,
      "Z": 99.14101655271519
    },
    "Rpymatrix": {
      "Rx": 180,
      "Ry": -0,
      "Rz": 75.32412115537147
    }
  }
}