{
  "0": {
    "Point": {
      "X": -238.44585769292138,
      "Y": 309.0876325488748,
      "Z": 446.4968792933222
    },
    "Rpymatrix": {
      "Rx": -131.21386938559453,
      "Ry": 9.497797260695593,
      "Rz": 44.73062609523197
    }
  }
}