{
  "0": {
    "Point": {
      "X": -379.4224371758142,
      "Y": -231.22075019141388,
      "Z": 372.1348054716001
    },
    "Rpymatrix": {
      "Rx": -177.54701275900987,
      "Ry": 3.7724750010706436,
      "Rz": 123.13066106097875
    }
  }
}