{
  "0": {
    "Point": {
      "X": -490.45625257229904,
      "Y": 140.28678807976007,
      "Z": 106.55983471246445
    },
    "Rpymatrix": {
      "Rx": -175.32588907403033,
      "Ry": 3.2968158519042574,
      "Rz": 154.39854230294083
    }
  }
}