{
  "0": {
    "Point": {
      "X": -323.1135045805034,
      "Y": 301.84017463093573,
      "Z": 403.4262157627679
    },
    "Rpymatrix": {
      "Rx": 178.96287614370038,
      "Ry": -0.45205832924868444,
      "Rz": -50.13538267965614
    }
  },
  "1": {
    "Point": {
      "X": -323.1135045805034,
      "Y": 301.84017463093573,
      "Z": 403.4262157627679
    },
    "Rpymatrix": {
      "Rx": 178.96287614370038,
      "Ry": -0.45205832924868444,
      "Rz": -50.13538267965614
    }
  }
}