{
  "UnitsPerMillimeter": 1,
  "Zero": {
    "X": -295.1815106190413,
    "Y": 421.9587102872288,
    "Z": 4.201703875333678
  },
  "AxisX": {
    "X": -355.7662828835239,
    "Y": 343.53743999876735,
    "Z": 4.201703875333649
  },
  "AxisY": {
    "X": -141.67429332051816,
    "Y": 302.9897147027435,
    "Z": 4.201703875333465
  },
  "RPYParameters": {
    "Rx": 180,
    "Ry": 7.398195288840616E-16,
    "Rz": 75.32412115537149
  }
}