{
  "UnitsPerMillimeter": 1,
  "Zero": {
    "X": -289.68936341598453,
    "Y": 386.290287483132,
    "Z": 19.122160746788552
  },
  "AxisX": {
    "X": -343.15606104686026,
    "Y": 320.2297546462091,
    "Z": 19.12216074678878
  },
  "AxisY": {
    "X": -207.25676041820103,
    "Y": 320.2297546462091,
    "Z": 19.122160746788865
  },
  "RPYParameters": {
    "Rx": 180,
    "Ry": -5.649800061504203E-30,
    "Rz": 18.052153052542053
  }
}