{
  "UnitsPerMillimeter": 1,
  "Zero": {
    "X": -293.92098361339794,
    "Y": 384.8590046924163,
    "Z": 17.831965832342405
  },
  "AxisX": {
    "X": -344.13177835414956,
    "Y": 319.14006550012834,
    "Z": 17.831965832343712
  },
  "AxisY": {
    "X": -226.04107354744957,
    "Y": 333.5041662948155,
    "Z": 17.83196583234252
  },
  "RPYParameters": {
    "Rx": -180,
    "Ry": 4.7524927389829134E-17,
    "Rz": -64.5637876170774
  }
}