{
  "Zero": {
    "X": -321.7008293793468,
    "Y": 429.2611005943104,
    "Z": 110.18049337478237
  },
  "AxisX": {
    "X": -471.20183600899287,
    "Y": 239.85921501904676,
    "Z": 111.19640293489215
  },
  "AxisY": {
    "X": -174.76446598533116,
    "Y": 301.09281307743606,
    "Z": 117.72801923858776
  },
  "RPYParameters": {
    "Rx": -179.84449897461954,
    "Ry": 1.3385538978597271,
    "Rz": -117.82305725642584
  }
}