{
  "UnitsPerMillimeter": 1,
  "Zero": {
    "X": -165.98589829892938,
    "Y": 468.39645261776366,
    "Z": 18.818765989282866
  },
  "AxisX": {
    "X": -401.22245078386726,
    "Y": 258.38919024464326,
    "Z": 20.975154128270646
  },
  "AxisY": {
    "X": -62.396950866334734,
    "Y": 361.4735456191681,
    "Z": 22.77582095327105
  },
  "RPYParameters": {
    "Rx": -178.4773850673609,
    "Ry": -0.3918025643796579,
    "Rz": 41.756860711316705
  }
}