{
  "UnitsPerMillimeter": 1,
  "Zero": {
    "X": -213.78745116102016,
    "Y": 496.8031068343034,
    "Z": 111.35590765145733
  },
  "AxisX": {
    "X": -380.0482417094129,
    "Y": 291.4784104280654,
    "Z": 105.82168140734203
  },
  "AxisY": {
    "X": -50.20804415485105,
    "Y": 363.0992225131351,
    "Z": 97.58622126322761
  },
  "RPYParameters": {
    "Rx": 177.1662636777877,
    "Ry": 2.7865261603021794,
    "Rz": 104.31103895696398
  }
}