{
  "UnitsPerMillimeter": 1,
  "Zero": {
    "X": -294.62421356514756,
    "Y": 417.8165601421814,
    "Z": -133.1580146437978
  },
  "AxisX": {
    "X": -426.631089360721,
    "Y": 244.0873034462499,
    "Z": -133.15801463945036
  },
  "AxisY": {
    "X": -165.69521829536347,
    "Y": 315.90451536484784,
    "Z": -133.15801463510505
  },
  "RPYParameters": {
    "Rx": 180,
    "Ry": -0,
    "Rz": 63.99241484771411
  }
}