{
  "UnitsPerMillimeter": 1,
  "Zero": {
    "X": -352.8032924308578,
    "Y": -312.085562905014,
    "Z": 406.60584325058585
  },
  "AxisX": {
    "X": -523.3887840204427,
    "Y": -185.37709258952955,
    "Z": 413.5839186834953
  },
  "AxisY": {
    "X": -371.822774128724,
    "Y": -341.34502200352136,
    "Z": 549.5484315930569
  },
  "RPYParameters": {
    "Rx": -103.68879843917384,
    "Ry": 1.8808406090121468,
    "Rz": 142.60443837612335
  }
}