{
  "UnitsPerMillimeter": 1,
  "Zero": {
    "X": -288.278083150508,
    "Y": 383.90405270773795,
    "Z": 15.815410759011726
  },
  "AxisX": {
    "X": -384.04847508889094,
    "Y": 262.0149283465439,
    "Z": 17.243510751709735
  },
  "AxisY": {
    "X": -197.92532617428577,
    "Y": 314.8639349049682,
    "Z": 18.07085526675688
  },
  "RPYParameters": {
    "Rx": 178.87850257143268,
    "Ry": 0.5730702528783443,
    "Rz": 54.12941988279763
  }
}