{
  "UnitsPerMillimeter": 1,
  "Zero": {
    "X": -291.3531763566212,
    "Y": 378.40163319431866,
    "Z": 19.296345659925933
  },
  "AxisX": {
    "X": -350.3894196531958,
    "Y": 300.45892531620194,
    "Z": 19.29634565992484
  },
  "AxisY": {
    "X": -211.0642611334087,
    "Y": 317.59932316624355,
    "Z": 19.296345659927866
  },
  "RPYParameters": {
    "Rx": 180,
    "Ry": -0,
    "Rz": 166.21950456806303
  }
}