{
  "UnitsPerMillimeter": 1,
  "Zero": {
    "X": -320.599270400609,
    "Y": 491.6079760979983,
    "Z": 216.66198913532764
  },
  "AxisX": {
    "X": -186.51896846475626,
    "Y": 563.062083555051,
    "Z": 213.64734447425894
  },
  "AxisY": {
    "X": -351.1873006462487,
    "Y": 551.4885137620971,
    "Z": 316.6927098597271
  },
  "RPYParameters": {
    "Rx": -123.90038367331323,
    "Ry": 178.86338854190294,
    "Rz": -151.9459430048893
  }
}