{
  "0": {
    "Point": {
      "X": -341.39812333330656,
      "Y": 115.4465086791449,
      "Z": 97.93444246613241
    },
    "Rpymatrix": {
      "Rx": -179.68249051947635,
      "Ry": -1.2460735569900188,
      "Rz": 158.34800978526383
    }
  }
}