{
  "0": {
    "Point": {
      "X": -451.71065693885373,
      "Y": -147.53323755908139,
      "Z": 335.50103544269274
    },
    "Rpymatrix": {
      "Rx": 179.58086697494255,
      "Ry": 6.7974832786269115,
      "Rz": 107.98722319618257
    }
  }
}