{
  "0": {
    "Point": {
      "X": -399.92532919148834,
      "Y": -100.27725859974724,
      "Z": 233.56317954563067
    },
    "Rpymatrix": {
      "Rx": 178.39165342590255,
      "Ry": -0.22154061743554324,
      "Rz": 142.4718384092948
    }
  }
}