{
  "UnitsPerMillimeter": 1,
  "Zero": {
    "X": -347.1201441419938,
    "Y": -53.87808408739639,
    "Z": 104.21197443681255
  },
  "AxisX": {
    "X": -304.1309853487977,
    "Y": 4.3838336845116155,
    "Z": 95.05097179428353
  },
  "AxisY": {
    "X": -291.23784948017317,
    "Y": -96.17574627030181,
    "Z": 96.8513265266309
  },
  "RPYParameters": {
    "Rx": -176.18609184642955,
    "Ry": -3.349336287622393,
    "Rz": -174.4369866121485
  }
}