{
  "UnitsPerMillimeter": 1,
  "Zero": {
    "X": -437.7695937277614,
    "Y": 191.1917210269134,
    "Z": 19.678941409824517
  },
  "AxisX": {
    "X": -454.81960356984894,
    "Y": 172.45544622149575,
    "Z": 19.67894140982503
  },
  "AxisY": {
    "X": -415.3797452858437,
    "Y": 173.9543481990347,
    "Z": 19.67894140982476
  },
  "RPYParameters": {
    "Rx": 180,
    "Ry": -0,
    "Rz": -30.816715348444497
  }
}