{
  "UnitsPerMillimeter": 1,
  "Zero": {
    "X": -441.79082684308486,
    "Y": 145.97166692899432,
    "Z": 78.73257004520246
  },
  "AxisX": {
    "X": -494.70949809248503,
    "Y": 76.91800564359427,
    "Z": 78.7325700452028
  },
  "AxisY": {
    "X": -351.46575076276736,
    "Y": 76.91800564359423,
    "Z": 78.73257004520252
  },
  "RPYParameters": {
    "Rx": 180,
    "Ry": -0,
    "Rz": -60.262675549487334
  }
}