{
  "UnitsPerMillimeter": 1,
  "Zero": {
    "X": -280.83257045063004,
    "Y": -300.3764639481689,
    "Z": 223.99882056905903
  },
  "AxisX": {
    "X": -310.3526239430054,
    "Y": -330.9395406383061,
    "Z": 226.73936855221467
  },
  "AxisY": {
    "X": -341.22102326140975,
    "Y": -265.54856668864556,
    "Z": 225.44160243943895
  },
  "RPYParameters": {
    "Rx": -178.29927964186277,
    "Ry": -0.1824807774799991,
    "Rz": 175.01326555943447
  }
}