{
  "UnitsPerMillimeter": 1,
  "Zero": {
    "X": -390.0655007760907,
    "Y": 299.27131000361726,
    "Z": 4.3173066777104765
  },
  "AxisX": {
    "X": -450.9379994333136,
    "Y": 221.35440836177526,
    "Z": 4.31730667771015
  },
  "AxisY": {
    "X": -290.9256232431303,
    "Y": 221.35440836177517,
    "Z": 4.317306677710235
  },
  "RPYParameters": {
    "Rx": 180,
    "Ry": -5.155697720284604E-17,
    "Rz": -16.054261595787793
  }
}